Date,Number of Mined Bitcoins,Bitcoin Price,Ln Bitcoin Price
2010-07-19,3450600,0.08,-2.525728644
2010-07-22,3477400,0.05,-2.995732274
2010-07-25,3504250,0.06,-2.813410717
2010-07-27,3531050,0.06,-2.813410717
2010-07-30,3558050,0.06,-2.813410717
2010-08-02,3584350,0.06,-2.813410717
2010-08-04,3610800,0.06,-2.813410717
2010-08-06,3637300,0.06,-2.813410717
2010-08-09,3663750,0.07,-2.659260037
2010-08-12,3690300,0.07,-2.659260037
2010-08-14,3716550,0.06,-2.813410717
2010-08-17,3742850,0.07,-2.659260037
2010-08-21,3769200,0.07,-2.659260037
2010-08-23,3795400,0.06,-2.813410717
2010-08-26,3821700,0.06,-2.813410717
2010-08-29,3848400,0.07,-2.659260037
2010-09-01,3874750,0.06,-2.813410717
2010-09-04,3901200,0.06,-2.813410717
2010-09-07,3927700,0.06,-2.813410717
2010-09-11,3954100,0.06,-2.813410717
2010-09-14,3980400,0.06,-2.813410717
2010-09-16,4006600,0.06,-2.813410717
2010-09-19,4033050,0.06,-2.813410717
2010-09-21,4059350,0.06,-2.813410717
2010-09-24,4085600,0.06,-2.813410717
2010-09-26,4111850,0.06,-2.813410717
2010-09-29,4138550,0.06,-2.813410717
2010-10-03,4164800,0.06,-2.813410717
2010-10-06,4191150,0.06,-2.813410717
2010-10-10,4217450,0.09,-2.407945609
2010-10-13,4243900,0.11,-2.207274913
2010-10-16,4270250,0.11,-2.207274913
2010-10-18,4296850,0.1,-2.302585093
2010-10-20,4323450,0.1,-2.302585093
2010-10-23,4350000,0.1,-2.302585093
2010-10-25,4376750,0.13,-2.040220829
2010-10-28,4403300,0.17,-1.771956842
2010-10-30,4429800,0.19,-1.660731207
2010-11-02,4456200,0.19,-1.660731207
2010-11-05,4482650,0.26,-1.347073648
2010-11-07,4509100,0.26,-1.347073648
2010-11-09,4535500,0.21,-1.560647748
2010-11-12,4561700,0.27,-1.30933332
2010-11-14,4588550,0.27,-1.30933332
2010-11-17,4615250,0.23,-1.46967597
2010-11-19,4641950,0.28,-1.272965676
2010-11-23,4668500,0.28,-1.272965676
2010-11-26,4694900,0.28,-1.272965676
2010-11-29,4721350,0.23,-1.46967597
2010-12-01,4748150,0.23,-1.46967597
2010-12-04,4774650,0.25,-1.386294361
2010-12-06,4801350,0.2,-1.609437912
2010-12-09,4827850,0.2,-1.609437912
2010-12-11,4854300,0.2,-1.609437912
2010-12-15,4880950,0.24,-1.427116356
2010-12-18,4907900,0.24,-1.427116356
2010-12-21,4934550,0.24,-1.427116356
2010-12-24,4961350,0.25,-1.386294361
2010-12-28,4987650,0.28,-1.272965676
2010-12-31,5014300,0.3,-1.203972804
2011-01-03,5040750,0.3,-1.203972804
2011-01-06,5067000,0.3,-1.203972804
2011-01-10,5093350,0.33,-1.108662625
2011-01-13,5120000,0.32,-1.139434283
2011-01-16,5146400,0.4,-0.916290732
2011-01-19,5172800,0.31,-1.171182982
2011-01-22,5199550,0.42,-0.867500568
2011-01-25,5225800,0.41,-0.891598119
2011-01-28,5252200,0.45,-0.798507696
2011-01-31,5278500,0.52,-0.653926467
2011-02-04,5305100,0.81,-0.210721031
2011-02-07,5331350,0.89,-0.116533816
2011-02-09,5357750,1.09,0.086177696
2011-02-12,5383950,1.07,0.067658648
2011-02-15,5410250,1.05,0.048790164
2011-02-17,5436700,1.04,0.039220713
2011-02-20,5463000,0.9,-0.105360516
2011-02-22,5489500,0.87,-0.139262067
2011-02-25,5515750,0.91,-0.094310679
2011-02-27,5541950,0.91,-0.094310679
2011-03-02,5568150,0.94,-0.061875404
2011-03-05,5594450,0.9,-0.105360516
2011-03-07,5620700,0.89,-0.116533816
2011-03-09,5647150,0.86,-0.15082289
2011-03-14,5673450,0.89,-0.116533816
2011-03-18,5699700,0.82,-0.198450939
2011-03-22,5726100,0.81,-0.210721031
2011-03-25,5752600,0.88,-0.127833372
2011-03-29,5779000,0.79,-0.235722334
2011-04-01,5805600,0.77,-0.261364764
2011-04-04,5832200,0.68,-0.385662481
2011-04-07,5859300,0.75,-0.287682072
2011-04-10,5885550,0.75,-0.287682072
2011-04-13,5911900,0.92,-0.083381609
2011-04-17,5938350,0.99,-0.010050336
2011-04-20,5964550,1.14,0.131028262
2011-04-23,5990700,1.41,0.343589704
2011-04-26,6017000,1.79,0.58221562
2011-04-29,6043150,2.88,1.057790294
2011-05-02,6069450,3.2,1.16315081
2011-05-05,6095700,3.33,1.202972304
2011-05-07,6122050,3.45,1.238374231
2011-05-09,6148400,3.8,1.335001067
2011-05-12,6174800,6.3,1.840549633
2011-05-15,6201000,8.2,2.104134154
2011-05-17,6227200,7.19,1.972691172
2011-05-19,6253450,6.81,1.91839212
2011-05-21,6279800,5.59,1.720979287
2011-05-23,6306050,7.15,1.967112357
2011-05-25,6332300,8.4,2.128231706
2011-05-27,6358500,8.5,2.140066163
2011-05-30,6384750,8.8,2.174751721
2011-06-02,6411050,10.6,2.360854001
2011-06-05,6437300,14.29,2.659559992
2011-06-07,6463500,23.92,3.174714929
2011-06-10,6489700,23.95,3.175968324
2011-06-12,6515900,23.95,3.175968324
2011-06-14,6542100,19.28,2.959068289
2011-06-17,6568300,15.68,2.752386015
2011-06-19,6594450,15.68,2.752386015
2011-06-21,6620700,15.68,2.752386015
2011-06-24,6647050,15.68,2.752386015
2011-06-27,6673200,16.75,2.818398258
2011-06-30,6699350,16.1,2.778819272
2011-07-03,6725600,15.4,2.734367509
2011-07-06,6751750,14.78,2.693274916
2011-07-10,6777900,14.31,2.660958594
2011-07-13,6804100,13.95,2.635479508
2011-07-16,6830300,13.81,2.625392967
2011-07-20,6856550,13.69,2.616665639
2011-07-23,6882700,13.7,2.617395833
2011-07-26,6908950,13.88,2.630448955
2011-07-29,6935250,13.5,2.602689685
2011-08-02,6961700,12.05,2.48906466
2011-08-05,6988200,9.8,2.282382386
2011-08-09,7014850,9.99,2.301584593
2011-08-13,7041850,9.46,2.247072383
2011-08-17,7068650,10.95,2.393339456
2011-08-21,7095750,11.65,2.45530618
2011-08-25,7122800,9.66,2.267993648
2011-08-29,7149200,8.97,2.193885676
2011-09-01,7175700,8.21,2.105352923
2011-09-05,7202250,7.61,2.029463172
2011-09-09,7229250,5.03,1.615419984
2011-09-13,7256050,5.8,1.757857918
2011-09-17,7283300,4.82,1.572773928
2011-09-20,7309900,6.11,1.809926773
2011-09-24,7336600,5.55,1.713797928
2011-09-28,7363200,4.77,1.562346305
2011-10-02,7389700,5.14,1.637053079
2011-10-06,7416550,4.73,1.553925203
2011-10-11,7443550,3.93,1.368639426
2011-10-15,7470350,3.99,1.383791231
2011-10-20,7497100,2.35,0.854415328
2011-10-24,7523500,2.55,0.936093359
2011-10-29,7549800,3.19,1.160020917
2011-11-02,7576200,3.25,1.178654996
2011-11-06,7603200,3.11,1.134622726
2011-11-09,7631000,2.95,1.08180517
2011-11-13,7658150,3.08,1.124929597
2011-11-17,7684600,2.25,0.810930216
2011-11-21,7711450,2.29,0.828551818
2011-11-25,7738450,2.51,0.920282753
2011-11-30,7765650,2.97,1.088561953
2011-12-03,7794700,3.12,1.137833002
2011-12-07,7823450,2.99,1.095273387
2011-12-11,7850550,2.97,1.088561953
2011-12-14,7877100,3.15,1.147402453
2011-12-19,7904450,3.52,1.25846099
2011-12-22,7931900,3.89,1.358409158
2011-12-26,7960350,4.02,1.391281903
2011-12-30,7988450,4.25,1.446918983
2012-01-02,8016300,5.22,1.652497402
2012-01-06,8043950,6.7,1.902107526
2012-01-09,8071450,6.33,1.845300236
2012-01-13,8099650,6.41,1.857859271
2012-01-17,8128900,5.6,1.722766598
2012-01-21,8156050,6.49,1.870262531
2012-01-24,8184000,6.29,1.838961071
2012-01-28,8211600,5.29,1.665818246
2012-02-01,8239150,6.08,1.805004696
2012-02-04,8266450,5.96,1.785070481
2012-02-08,8293400,5.6,1.722766598
2012-02-12,8320250,5.91,1.776645831
2012-02-15,8347200,4.33,1.465567542
2012-02-19,8374450,4.41,1.483874689
2012-02-23,8401250,5.02,1.613429934
2012-02-26,8428850,5.03,1.615419984
2012-02-29,8456350,4.86,1.581038438
2012-03-04,8483300,4.7,1.547562509
2012-03-08,8510800,4.93,1.595338988
2012-03-12,8538950,4.89,1.587192303
2012-03-16,8566750,5.34,1.675225653
2012-03-19,8594400,4.69,1.545432582
2012-03-23,8622850,4.69,1.545432582
2012-03-26,8651400,4.62,1.530394705
2012-03-30,8679650,4.86,1.581038438
2012-04-03,8707650,4.95,1.599387577
2012-04-07,8735200,4.95,1.599387577
2012-04-11,8763300,4.93,1.595338988
2012-04-16,8790600,4.93,1.595338988
2012-04-19,8817850,5.14,1.637053079
2012-04-23,8847000,4.96,1.601405741
2012-04-28,8875350,5.11,1.631199404
2012-05-01,8903000,5,1.609437912
2012-05-04,8930600,5.07,1.623340818
2012-05-08,8958050,5.05,1.619388243
2012-05-11,8985800,4.96,1.601405741
2012-05-15,9013450,5.04,1.617406082
2012-05-19,9040150,5.12,1.633154439
2012-05-23,9067000,5.14,1.637053079
2012-05-27,9094200,5.15,1.638996715
2012-06-01,9121700,5.27,1.662030363
2012-06-04,9149550,5.27,1.662030363
2012-06-08,9177000,5.63,1.728109442
2012-06-11,9204850,5.57,1.717395054
2012-06-15,9232550,6.5,1.871802177
2012-06-19,9261300,6.5,1.871802177
2012-06-22,9289000,6.55,1.87946505
2012-06-26,9316200,6.42,1.859418118
2012-06-30,9343400,6.65,1.894616855
2012-07-04,9371100,6.51,1.873339456
2012-07-07,9398800,6.65,1.894616855
2012-07-11,9426550,7.15,1.967112357
2012-07-14,9454850,7.67,2.037316615
2012-07-18,9483150,9.11,2.209372711
2012-07-22,9510400,8.52,2.142416341
2012-07-26,9539050,8.9,2.186051277
2012-07-29,9567550,8.9,2.186051277
2012-08-02,9597100,10.53,2.354228326
2012-08-06,9625200,10.86,2.385086315
2012-08-09,9652950,11.06,2.403334996
2012-08-13,9681550,12.04,2.48823444
2012-08-16,9709800,13.5,2.602689685
2012-08-20,9737900,10.1,2.312535424
2012-08-23,9765950,10.1,2.312535424
2012-08-27,9794500,10.95,2.393339456
2012-08-30,9822950,10.78,2.377692565
2012-09-03,9851450,10.53,2.354228326
2012-09-07,9880350,11,2.397895273
2012-09-10,9908900,11.17,2.413231613
2012-09-14,9938350,11.67,2.457021446
2012-09-18,9967650,12.25,2.505525937
2012-09-22,9996650,12.37,2.515274186
2012-09-25,10025600,12.2,2.501435952
2012-09-29,10055450,12.39,2.516889696
2012-10-03,10085100,12.89,2.556451817
2012-10-08,10114900,11.78,2.466403178
2012-10-11,10143650,12.03,2.48740353
2012-10-15,10172050,11.84,2.471483629
2012-10-19,10201150,11.74,2.463001814
2012-10-23,10230150,11.65,2.45530618
2012-10-27,10259800,10.17,2.31944221
2012-10-31,10289350,11.2,2.415913778
2012-11-04,10318600,10.47,2.348514025
2012-11-08,10348700,10.93,2.391511302
2012-11-12,10377700,11.01,2.398803951
2012-11-16,10406150,11.75,2.463853241
2012-11-20,10434750,11.73,2.462149663
2012-11-23,10463900,12.35,2.513656063
2012-11-27,10492200,12.2,2.501435952
2012-12-01,10510550,12.57,2.531313023
2012-12-05,10525175,13.38,2.593761055
2012-12-10,10539375,13.43,2.597491011
2012-12-14,10553650,13.6,2.610069793
2012-12-18,10567150,13.3,2.587764035
2012-12-22,10580850,13.5,2.602689685
2012-12-27,10594925,13.42,2.596746132
2012-12-30,10608800,13.42,2.596746132
2013-01-03,10622600,13.4,2.595254707
2013-01-06,10636250,13.5,2.602689685
2013-01-10,10649775,14.14,2.64900766
2013-01-14,10663325,14.3,2.660259537
2013-01-19,10676925,15.7,2.753660712
2013-01-23,10690775,17.5,2.862200881
2013-01-26,10704375,17.4,2.856470206
2013-01-30,10718300,19.7,2.980618636
2013-02-02,10732175,20.5,3.020424886
2013-02-06,10746050,21.18,3.05305734
2013-02-09,10759725,22.66,3.120601256
2013-02-13,10773450,24.2,3.186352633
2013-02-16,10787025,27.1,3.299533728
2013-02-19,10800625,29.42,3.381674715
2013-02-22,10814075,30.25,3.409496184
2013-02-25,10827575,30.4,3.414442608
2013-02-28,10841150,33.38,3.507956918
2013-03-04,10854500,36.15,3.587676949
2013-03-07,10868000,42,3.737669618
2013-03-10,10881350,44.18,3.788272198
2013-03-14,10894775,47.17,3.853758097
2013-03-17,10908250,46.95,3.849083206
2013-03-20,10921675,64.49,4.166510173
2013-03-22,10935200,69.87,4.246636373
2013-03-25,10948525,73.6,4.298645026
2013-03-28,10961750,86.18,4.456438132
2013-03-31,10975075,90.5,4.505349851
2013-04-03,10988475,131.79,4.881209747
2013-04-07,11001875,142.5,4.959342
2013-04-10,11015175,181.69,5.202301938
2013-04-13,11028325,110,4.700480366
2013-04-16,11041600,75.6,4.325456283
2013-04-20,11054950,118,4.770684624
2013-04-23,11068200,145.38,4.979351004
2013-04-26,11081475,136.8,4.918520005
2013-04-29,11094725,144.5,4.973279508
2013-05-03,11107950,101.72,4.622223941
2013-05-06,11121200,109.49,4.695833221
2013-05-09,11134500,112.5,4.722953222
2013-05-13,11147750,118.29,4.773139237
2013-05-16,11161050,117.49,4.766353224
2013-05-19,11174300,123.13,4.813240708
2013-05-23,11187500,126.56,4.840716504
2013-05-26,11200725,132,4.882801923
2013-05-29,11214050,130.55,4.871756295
2013-06-01,11227325,127.2,4.845760651
2013-06-04,11240850,120.82,4.794301835
2013-06-07,11254175,110.8,4.707726774
2013-06-10,11267550,105.3,4.656813419
2013-06-13,11281000,103,4.634728988
2013-06-16,11294250,98.62,4.591274081
2013-06-19,11307425,108,4.682131227
2013-06-22,11320550,108.94,4.690797272
2013-06-26,11333725,102.99,4.634631896
2013-06-29,11346875,96.99,4.57460788
2013-07-02,11360125,90,4.49980967
2013-07-05,11373425,69.93,4.247494742
2013-07-08,11386700,76,4.33073334
2013-07-11,11399925,99.1,4.596129441
2013-07-14,11413175,90.9,4.509760001
2013-07-17,11426525,92,4.521788577
2013-07-20,11440000,92.3,4.525044142
2013-07-23,11453300,89.88,4.498475447
2013-07-27,11466750,89.34,4.492449316
2013-07-30,11480100,98.98,4.59491781
2013-08-02,11493425,96.66,4.571199666
2013-08-05,11506850,98.56,4.5906655
2013-08-07,11520075,97.08,4.575535381
2013-08-10,11533350,93.81,4.54127146
2013-08-13,11546600,99.65,4.601664047
2013-08-16,11560550,98.48,4.589853482
2013-08-19,11573800,103.18,4.636475036
2013-08-22,11587550,108,4.682131227
2013-08-24,11600925,107.76,4.679906532
2013-08-27,11614175,117.65,4.767714115
2013-08-30,11627425,126.02,4.836440625
2013-09-02,11640750,129.4,4.862908382
2013-09-05,11654050,122.49,4.808029394
2013-09-08,11667575,117.9,4.769836808
2013-09-11,11680900,126.61,4.841111496
2013-09-13,11694200,127,4.844187086
2013-09-16,11707825,126.32,4.83881837
2013-09-19,11721200,124.1,4.821087692
2013-09-22,11734650,121.7,4.801559
2013-09-24,11748175,124.65,4.82550981
2013-09-27,11761825,126.1,4.837075243
2013-10-01,11775275,127.42,4.847488717
2013-10-04,11789350,122.06,4.804512727
2013-10-06,11802925,122.06,4.804512727
2013-10-10,11816550,126.28,4.838501664
2013-10-12,11830425,126.85,4.843005286
2013-10-15,11844250,147.15,4.991452475
2013-10-17,11857925,143.77,4.9682148
2013-10-20,11871800,160.07,5.07561122
2013-10-23,11885500,191.77,5.256296737
2013-10-25,11899075,183.34,5.211342353
2013-10-28,11912775,198.58,5.291192042
2013-10-31,11926375,206.34,5.329525294
2013-11-02,11939925,208.18,5.33840309
2013-11-05,11953600,256.21,5.545997421
2013-11-09,11966825,325.65,5.785823185
2013-11-12,11980575,369.84,5.91307048
2013-11-15,11994350,430.62,6.065226031
2013-11-18,12008425,691.61,6.539022213
2013-11-22,12021925,843.95,6.738093251
2013-11-25,12035750,834,6.726233402
2013-11-28,12049675,1055.58,6.961845658
2013-12-01,12063575,1137,7.036148494
2013-12-04,12077450,1130,7.029972912
2013-12-07,12091500,552.16,6.313837859
2013-12-10,12105300,942.73,6.848779921
2013-12-14,12119100,869.9,6.768378263
2013-12-17,12133400,533.71,6.27985262
2013-12-19,12147375,707.82,6.562189824
2013-12-22,12160975,599.47,6.396045932
2013-12-26,12174750,706.42,6.560209961
2013-12-29,12188525,721.44,6.581249215
2014-01-01,12202625,747.81,6.617148935
2014-01-05,12216325,801.89,6.686971441
2014-01-08,12230225,839,6.732210706
2014-01-10,12244100,858.86,6.755605928
2014-01-13,12258125,829.94,6.721353409
2014-01-16,12271800,813.8,6.701714636
2014-01-20,12285550,820.84,6.710328206
2014-01-23,12299650,773.1,6.650408406
2014-01-26,12314050,793.49,6.676440937
2014-01-30,12328350,799.33,6.683773877
2014-02-02,12342150,806.69,6.692939456
2014-02-05,12356275,786.06,6.667033125
2014-02-08,12370600,727.52,6.58964149
2014-02-12,12384475,657.38,6.488262238
2014-02-15,12398875,652.18,6.480320597
2014-02-18,12413350,626.32,6.439861423
2014-02-21,12427750,563.31,6.333830098
2014-02-25,12442225,609.96,6.413393381
2014-02-28,12456975,566.91,6.340200561
2014-03-04,12471275,672.1,6.510407139
2014-03-07,12486075,626.74,6.440531782
2014-03-11,12500600,638.8,6.459591416
2014-03-15,12515100,635.5,6.454412091
2014-03-18,12529550,617.86,6.426261895
2014-03-21,12543800,571.71,6.34863187
2014-03-25,12558350,572,6.349138991
2014-03-28,12572550,504,6.222576268
2014-03-31,12587000,465.75,6.143649009
2014-04-03,12601300,436.23,6.078169627
2014-04-07,12615750,454.2,6.11853763
2014-04-11,12630325,426.53,6.055682704
2014-04-14,12644550,426.53,6.055682704
2014-04-17,12659150,496.81,6.208207659
2014-04-21,12674250,503.18,6.220947959
2014-04-25,12688875,462.59,6.136841133
2014-04-28,12703625,439.17,6.084886582
2014-05-02,12718425,451.51,6.112597521
2014-05-06,12732700,427.66,6.058328487
2014-05-09,12747475,452.29,6.114323567
2014-05-13,12761825,437.55,6.081190985
2014-05-16,12776025,449.68,6.108536219
2014-05-20,12791100,489.43,6.193241449
2014-05-23,12805500,532.48,6.277545338
2014-05-26,12819775,581.81,6.366143934
2014-05-30,12833600,613.92,6.419864626
2014-06-02,12847650,655.27,6.485047364
2014-06-06,12861600,652.65,6.481040998
2014-06-10,12875700,645.34,6.46977731
2014-06-13,12889975,582.37,6.367105985
2014-06-16,12904425,592.81,6.384873943
2014-06-20,12918700,594.47,6.387670252
2014-06-23,12933125,586.97,6.374973711
2014-06-26,12947200,571.59,6.348421951
2014-06-29,12961425,594.53,6.387771177
2014-07-03,12975400,642.87,6.465942527
2014-07-07,12989375,623.92,6.436022155
2014-07-10,13003775,618.05,6.42656936
2014-07-14,13017875,622.08,6.433068702
2014-07-18,13032025,628.86,6.443908656
2014-07-21,13046200,620.78,6.430976752
2014-07-25,13060175,599.5,6.396095974
2014-07-29,13074325,582.28,6.366951432
2014-08-02,13089150,600.03,6.396979654
2014-08-05,13103275,579.65,6.362424473
2014-08-09,13117600,591.32,6.382357326
2014-08-12,13132000,570.17,6.345934562
2014-08-16,13146075,496.75,6.208086881
2014-08-19,13160675,483.36,6.180761718
2014-08-22,13174725,516.93,6.247907469
2014-08-26,13188950,509.84,6.234096951
2014-08-29,13203150,509.35,6.233135403
2014-09-02,13217500,478.21,6.170049967
2014-09-05,13231925,478.42,6.170489008
2014-09-09,13246250,473.01,6.15911653
2014-09-13,13260475,471.48,6.155876683
2014-09-16,13274825,463.89,6.139647455
2014-09-19,13289075,396.47,5.982600376
2014-09-23,13303425,448.34,6.105551873
2014-09-26,13317675,407.29,6.009525462
2014-09-30,13331500,389.68,5.965325889
2014-10-04,13345600,358.65,5.882346983
2014-10-08,13359400,350.6,5.859645972
2014-10-12,13373425,370.7,5.91539311
2014-10-16,13387650,383.19,5.94853095
2014-10-19,13401575,387.92,5.960799133
2014-10-23,13415600,359.65,5.885131336
2014-10-27,13429400,351.88,5.863290208
2014-10-30,13443375,347.62,5.851109929
2014-11-03,13457325,327.51,5.791518589
2014-11-06,13471475,349.63,5.856875452
2014-11-10,13485375,365.92,5.90241473
2014-11-14,13499175,396.45,5.98254993
2014-11-18,13513025,378.73,5.93682355
2014-11-22,13526675,353.8,5.868731782
2014-11-26,13540625,366.6,5.904271335
2014-11-29,13554700,377.77,5.934285545
2014-12-03,13568525,284.18,5.64960784
2014-12-07,13582700,378.61,5.936506652
2014-12-11,13596725,350.33,5.858875567
2014-12-15,13610975,348.15,5.852633421
2014-12-19,13625150,314.26,5.750220669
2014-12-23,13639375,334.99,5.814100681
2014-12-27,13653125,329.49,5.797546004
2014-12-30,13667450,310.17,5.737120534
2015-01-03,13681475,314.73,5.751715128
2015-01-06,13695925,286.41,5.657424351
2015-01-10,13709900,289.81,5.669225536
2015-01-14,13723825,183.07,5.209868593
2015-01-18,13737875,207.87,5.336912884
2015-01-22,13751925,231.92,5.446392485
2015-01-27,13765850,261.76,5.567428053
2015-01-30,13780350,229.67,5.436643496
2015-02-03,13794650,227.86,5.428731405
2015-02-07,13808825,223.37,5.408829589
2015-02-10,13823000,219.7,5.392262979
2015-02-14,13836625,234.25,5.456388921
2015-02-18,13850625,233.48,5.45309642
2015-02-21,13864575,244.84,5.500604936
2015-02-25,13878575,237.97,5.472144615
2015-03-01,13892700,258.18,5.553657016
2015-03-05,13906775,279.93,5.634539572
2015-03-09,13920750,289.07,5.666668873
2015-03-13,13934875,288.4,5.664348405
2015-03-17,13948450,287.46,5.66108372
2015-03-21,13962425,263.17,5.572800211
2015-03-24,13976175,247.76,5.512460536
2015-03-28,13990025,248.55,5.515644033
2015-03-31,14003850,244.14,5.497741831
2015-04-04,14017900,254.51,5.539340128
2015-04-08,14031975,246.11,5.50577859
2015-04-12,14045900,236.13,5.464382501
2015-04-16,14059700,228.99,5.433678334
2015-04-20,14073650,224.35,5.413207332
2015-04-24,14087525,231.41,5.444191029
2015-04-28,14101275,224.41,5.413474736
2015-05-02,14115150,234.8,5.458734088
2015-05-06,14128925,234,5.455321115
2015-05-10,14142900,239.94,5.480388892
2015-05-13,14157000,243.2,5.49388415
2015-05-17,14171075,235.81,5.463026396
2015-05-21,14184925,235.51,5.461753375
2015-05-25,14198600,235.57,5.462008109
2015-05-29,14212275,235.95,5.463619918
2015-06-02,14226050,225.09,5.416500322
2015-06-06,14239850,224.88,5.415566927
2015-06-09,14253775,229.81,5.437252881
2015-06-13,14267800,229.9,5.437644432
2015-06-17,14281900,250.31,5.52270015
2015-06-20,14295725,246.04,5.505494124
2015-06-24,14309625,240.98,5.484713942
2015-06-28,14323450,248.63,5.515965848
2015-07-02,14337200,255.81,5.544434981
2015-07-06,14351075,273.94,5.612909104
2015-07-09,14364825,270.31,5.599569449
2015-07-13,14378550,289.49,5.668120754
2015-07-17,14392125,278.27,5.628591865
2015-07-20,14405750,277.55,5.626001097
2015-07-24,14419750,288.16,5.663515881
2015-07-28,14434025,295.59,5.688973359
2015-08-01,14447800,284.69,5.651400869
2015-08-05,14461575,282.83,5.64484601
2015-08-08,14475375,279.66,5.63357458
2015-08-12,14489050,269.9,5.59805152
2015-08-16,14502725,257.07,5.549348421
2015-08-20,14516600,236.13,5.464382501
2015-08-23,14530525,228.34,5.430835746
2015-08-27,14544425,227.01,5.424994069
2015-08-31,14558575,230.41,5.439860331
2015-09-03,14572400,227.35,5.42649068
2015-09-07,14586275,240.78,5.483883654
2015-09-11,14600225,239.9,5.48022217
2015-09-15,14614000,229.79,5.437165848
2015-09-18,14627725,233.24,5.452067966
2015-09-22,14641550,229.95,5.437861894
2015-09-26,14655600,234.61,5.457924561
2015-09-30,14669525,236.99,5.468017946
2015-10-03,14683300,237.6,5.470588587
2015-10-07,14697125,245.09,5.50162549
2015-10-11,14710925,247.66,5.512056838
2015-10-15,14724625,254.77,5.540361177
2015-10-19,14738250,263.97,5.57583546
2015-10-22,14752450,275.52,5.618660221
2015-10-26,14766375,286.15,5.656516149
2015-10-30,14780050,323.23,5.778364144
2015-11-02,14793675,363.76,5.89649431
2015-11-06,14807575,370.07,5.913692177
2015-11-10,14821325,334.15,5.811589994
2015-11-13,14834950,332.93,5.807932258
2015-11-17,14848825,336.11,5.817438487
2015-11-20,14862975,321.27,5.772281891
2015-11-24,14876425,320.91,5.77116071
2015-11-27,14889825,359.56,5.884881062
2015-12-01,14903425,361,5.888877958
2015-12-04,14917175,362.4,5.892748574
2015-12-08,14930900,396.1,5.981666705
2015-12-10,14944550,416.82,6.032654474
2015-12-14,14958075,440.51,6.087933147
2015-12-17,14971525,454.68,6.119593875
2015-12-20,14985150,439.99,6.086751999
2015-12-24,14998675,453.19,6.116311464
2015-12-27,15012300,422.95,6.047253969
2015-12-30,15025975,427.13,6.057088417
2016-01-03,15039450,428.61,6.060547415
2016-01-07,15052975,455.36,6.121088315
2016-01-10,15066375,447.32,6.103274222
2016-01-13,15079775,428.83,6.06106057
2016-01-17,15092975,387.08,5.95863139
2016-01-21,15106200,406.9,6.008567455
2016-01-24,15119575,402.04,5.996551586
2016-01-27,15132975,394.65,5.977999296
2016-01-30,15146350,375.2,5.927459217
2016-02-03,15159850,368.69,5.909956183
2016-02-06,15173475,384.88,5.952931597
2016-02-09,15186875,373.34,5.922489533
2016-02-12,15200200,381.62,5.944425349
2016-02-15,15213650,396.13,5.98174244
2016-02-18,15226925,419.82,6.039826048
2016-02-22,15240250,437.25,6.080505114
2016-02-26,15253475,423.96,6.049639111
2016-03-01,15266825,431.38,6.066989372
2016-03-05,15280025,411.29,6.019298562
2016-03-08,15293150,411.36,6.019468744
2016-03-11,15306375,418.65,6.037035249
2016-03-15,15319550,415.07,6.028447181
2016-03-19,15332750,405.78,6.005811141
2016-03-22,15345925,416.84,6.032702455
2016-03-26,15359175,415.92,6.030492934
2016-03-29,15372325,414.96,6.02818213
2016-04-02,15385650,416.64,6.03222254
2016-04-06,15398900,421.83,6.044602389
2016-04-09,15412075,419.34,6.038682047
2016-04-13,15425325,424.6,6.051147549
2016-04-16,15438525,429.79,6.063296717
2016-04-20,15451700,442.82,6.093163367
2016-04-23,15464900,448.56,6.106042452
2016-04-27,15478100,454,6.118097198
2016-05-01,15491325,452.39,6.11454464
2016-05-04,15504600,447.39,6.103430697
2016-05-07,15517850,462.1,6.135781318
2016-05-11,15531000,452.52,6.114831961
2016-05-14,15544275,456.15,6.122821703
2016-05-18,15557475,454.69,6.119615868
2016-05-22,15570675,439.36,6.085319123
2016-05-25,15583875,448.14,6.105105684
2016-05-29,15597075,531.22,6.275176248
2016-06-02,15610275,536.28,6.284656413
2016-06-05,15623475,574.51,6.353517504
2016-06-09,15636625,575.46,6.355169721
2016-06-12,15649825,664.18,6.498553197
2016-06-16,15663000,762.67,6.636825434
2016-06-19,15676100,760.46,6.633923513
2016-06-23,15689450,613.38,6.418984646
2016-06-26,15702550,635.51,6.454427826
2016-06-30,15715875,665.27,6.500192973
2016-07-03,15729225,659.73,6.49183066
2016-07-07,15742525,621.5,6.432135911
2016-07-11,15752875,650.39,6.477572183
2016-07-14,15759450,661.28,6.494177351
2016-07-18,15766050,673.05,6.511819621
2016-07-22,15772612.5,657.65,6.488672875
2016-07-26,15779200,656,6.486160789
2016-07-30,15785812.5,657.67,6.488703286
2016-08-02,15792375,568.59,6.343159612
2016-08-06,15798925,577.23,6.358240801
2016-08-09,15805500,586.03,6.373370983
2016-08-13,15812037.5,586.46,6.374104465
2016-08-16,15818612.5,579.56,6.362269195
2016-08-20,15825212.5,575.4,6.355065451
2016-08-23,15831812.5,580.94,6.364647481
2016-08-27,15838450,577.84,6.359297014
2016-08-31,15845075,572.41,6.349855518
2016-09-03,15851662.5,574.23,6.353030013
2016-09-07,15858225,614.55,6.420890293
2016-09-10,15864825,620.84,6.4310734
2016-09-14,15871450,609.86,6.413229423
2016-09-17,15878025,606.86,6.408298122
2016-09-21,15884562.5,595.31,6.389082278
2016-09-24,15891175,602,6.400257445
2016-09-27,15897737.5,602.9,6.401751345
2016-10-01,15904300,605.99,6.406863484
2016-10-04,15910862.5,609.22,6.41217945
2016-10-08,15917437.5,617.94,6.426391365
2016-10-11,15924000,637.73,6.457914996
2016-10-15,15930625,638.58,6.459246961
2016-10-19,15937175,628.47,6.443288294
2016-10-23,15943712.5,649.47,6.476156646
2016-10-26,15950262.5,669.58,6.50665065
2016-10-30,15956837.5,699.88,6.550908892
2016-11-02,15963412.5,730.21,6.593332164
2016-11-06,15969950,711.15,6.566883378
2016-11-09,15976525,717.24,6.575410513
2016-11-13,15983112.5,704.6,6.557630266
2016-11-16,15989650,741.01,6.60801412
2016-11-19,15996212.5,743.26,6.611045916
2016-11-23,16002800,739.75,6.606312291
2016-11-27,16009387.5,732.18,6.596026385
2016-11-30,16015950,743.26,6.611045916
2016-12-03,16022512.5,774,6.651571874
2016-12-07,16029087.5,766.43,6.64174337
2016-12-11,16035700,768.3,6.644180282
2016-12-14,16042287.5,777.97,6.656687963
2016-12-17,16048825,780.68,6.660165335
2016-12-21,16055475,825.33,6.715783306
2016-12-25,16062062.5,890.9,6.792232188
2016-12-28,16068700,967.36,6.874570712
2016-12-31,16075300,952.01,6.858575539
2017-01-04,16081850,1091.66,6.995454753
2017-01-07,16088412.5,898.16,6.800348226
2017-01-11,16094975,789.11,6.670905728
2017-01-14,16101587.5,830.7,6.722268719
2017-01-17,16108225,898.92,6.801194043
2017-01-20,16114787.5,898.86,6.801127294
2017-01-23,16121375,921.64,6.826154692
2017-01-27,16127912.5,919.95,6.824319321
2017-01-30,16134500,922.79,6.82740169
2017-02-02,16141137.5,1010.14,6.917844214
2017-02-06,16147687.5,1025.29,6.932730778
2017-02-10,16154262.5,1004.03,6.91177718
2017-02-13,16160837.5,1002.4,6.910152404
2017-02-17,16167437.5,1058.86,6.964948137
2017-02-20,16174050,1064.11,6.969894048
2017-02-24,16180625,1177.28,7.070961972
2017-02-27,16187262.5,1194.26,7.085282026
2017-03-03,16193812.5,1277.39,7.152574213
2017-03-06,16200387.5,1277.65,7.152777732
2017-03-10,16206975,1100.56,7.00357442
2017-03-13,16213550,1237.5,7.120848494
2017-03-17,16220187.5,1096.91,7.000252415
2017-03-20,16226750,1023.8,6.931276474
2017-03-24,16233325,960.74,6.867703821
2017-03-27,16239887.5,1023.73,6.931208099
2017-03-31,16246537.5,1074.69,6.979787527
2017-04-03,16253137.5,1153.83,7.050842123
2017-04-07,16259762.5,1199.24,7.089443302
2017-04-10,16266400,1203.1,7.092656838
2017-04-14,16272975,1183.59,7.076307472
2017-04-18,16279600,1204.67,7.093960949
2017-04-21,16286212.5,1242.73,7.125065852
2017-04-25,16292850,1281.47,7.155763135
2017-04-29,16299425,1304.91,7.173889352
2017-05-02,16306012.5,1439.45,7.272016375
2017-05-05,16312587.5,1529.41,7.332637319
2017-05-09,16319187.5,1712.16,7.44551101
2017-05-12,16325750,1691.8,7.43354833
2017-05-15,16332362.5,1719.63,7.44986443
2017-05-19,16338975,1938.04,7.569432432
2017-05-22,16345537.5,2149.63,7.673051013
2017-05-26,16352137.5,2268.7,7.726962259
2017-05-29,16358725,2306.61,7.743534193
2017-06-01,16365312.5,2410.55,7.787610216
2017-06-04,16371887.5,2504.5,7.825844393
2017-06-08,16378462.5,2749.46,7.919159808
2017-06-11,16385025,2922.82,7.980304183
2017-06-15,16391612.5,2361.34,7.766984533
2017-06-18,16398175,2471.55,7.812600763
2017-06-22,16404800,2671.67,7.890459024
2017-06-26,16411350,2347.32,7.761029531
2017-06-29,16417962.5,2558.28,7.847090437
2017-07-03,16424525,2557.75,7.846883245
2017-07-06,16431100,2597.68,7.862374018
2017-07-10,16437712.5,2384.54,7.776761513
2017-07-12,16444275,2382.02,7.775704146
2017-07-16,16450837.5,1865.67,7.531375517
2017-07-19,16457400,2255,7.720905252
2017-07-23,16463962.5,2785,7.932003152
2017-07-26,16470575,2503.29,7.825361146
2017-07-29,16477175,2755.65,7.921408628
2017-08-02,16483750,2691.01,7.897671867
2017-08-05,16490325,2832,7.948738455
2017-08-09,16496887.5,3361.7,8.120202077
2017-08-12,16503512.5,3588.05,8.185364158
2017-08-16,16510137.5,4350.42,8.378027671
2017-08-20,16516725,4124.91,8.32479948
2017-08-24,16523300,4234,8.350902452
2017-08-28,16529837.5,4339.74,8.375569717
2017-09-01,16536400,4880.85,8.493074664
2017-09-04,16542987.5,4362.08,8.380704287
2017-09-07,16549562.5,4575.48,8.42846689
2017-09-10,16556175,4289.22,8.363860177
2017-09-13,16562737.5,4179.95,8.338054564
2017-09-16,16569362.5,4179.95,8.338054564
2017-09-19,16575900,3905.56,8.270156458
2017-09-23,16582462.5,3615.1,8.192874797
2017-09-27,16589037.5,4154.27,8.331892
2017-09-30,16595587.5,4171.25,8.33597103
2017-10-03,16602162.5,4283.49,8.362523377
2017-10-07,16608762.5,4339.4,8.375491369
2017-10-10,16615362.5,4873.1,8.491485564
2017-10-14,16621912.5,5614.64,8.633132751
2017-10-17,16628487.5,5577.3,8.626460067
2017-10-20,16635062.5,5973.19,8.695036402
2017-10-23,16641612.5,5911.12,8.684590602
2017-10-26,16648175,5842.24,8.672869564
2017-10-30,16654750,6099.6,8.715978474
2017-11-03,16661312.5,7228.65,8.885807576
2017-11-07,16667900,7074.84,8.864300107
2017-11-10,16674462.5,6581.83,8.792068101
2017-11-15,16681037.5,7291.96,8.89452765
2017-11-19,16687600,8019.16,8.989588957
2017-11-22,16694200,8134.25,9.003838821
2017-11-25,16700775,8134.25,9.003838821
2017-11-28,16707350,8134.25,9.003838821
2017-12-01,16713925,10899.25,9.296449259
2017-12-05,16720512.5,11776.95,9.37389951
2017-12-08,16727087.5,15644,9.657842736
2017-12-11,16733687.5,17148.2,9.749648491
2017-12-14,16740275,16503.72,9.711341089
2017-12-17,16746850,19041.63,9.854382914
2017-12-20,16753400,16210.13,9.693391634
2017-12-24,16759975,13147.99,9.484024174
2017-12-27,16766550,15189.39,9.628352437
2017-12-31,16773100,14043.06,9.549883603
2018-01-03,16779700,15055.23,9.619480718
2018-01-06,16786250,16753.24,9.726346951
2018-01-10,16792837.5,14494.74,9.581541104
2018-01-12,16799387.5,13746.58,9.528545345
2018-01-16,16805925,10720,9.279866435
2018-01-19,16812525,11366.61,9.338435389
2018-01-22,16819100,10354,9.245128197
2018-01-25,16825650,11256.52,9.328702795
2018-01-28,16832225,11755.16,9.372047572
2018-02-01,16838812.5,9094.2,9.115392127
2018-02-04,16845375,8077.39,8.99682408
2018-02-07,16851937.5,8087.51,8.998076175
2018-02-11,16858525,8315.1,9.025828418
2018-02-14,16865075,9287.96,9.136474217
2018-02-18,16871650,10784.81,9.285893942
2018-02-21,16878225,10286.84,9.238620687
2018-02-25,16884775,9596.64,9.169168316
2018-02-28,16891350,10538.02,9.262744949
2018-03-03,16897950,11029.95,9.308369579
2018-03-07,16904487.5,9939.53,9.204275015
2018-03-10,16911075,9004.84,9.10551749
2018-03-13,16917650,9062.92,9.111946643
2018-03-17,16924212.5,8524.17,9.050660937
2018-03-21,16930787.5,8895.59,9.093310927
2018-03-24,16937350,8616.25,9.061405234
2018-03-28,16943925,7906.96,8.975498663
2018-04-01,16950512.5,6890.64,8.837919248
2018-04-04,16957075,6830.76,8.82919122
2018-04-07,16963650,6604.48,8.795503486
2018-04-11,16970212.5,6891.03,8.837975845
2018-04-14,16976775,7903.91,8.975112853
2018-04-17,16983325,7914.7,8.976477069
2018-04-21,16989875,8524.52,9.050701996
2018-04-24,16996462.5,9449.88,9.153757322
2018-04-28,17003012.5,8977.07,9.102428827
2018-05-01,17009587.5,9015.73,9.106726109
2018-05-05,17016175,9683.54,9.178182816
2018-05-08,17022750,9160.97,9.122707347
2018-05-12,17029375,8432.01,9.039790457
2018-05-16,17035925,8291.23,9.022953609
2018-05-19,17042525,8229.58,9.01549026
2018-05-23,17049087.5,7590,8.93458687
2018-05-26,17055637.5,7448.08,8.91571156
2018-05-29,17062212.5,7501.54,8.922863612
2018-06-01,17068775,7437.74,8.914322318
2018-06-04,17075337.5,7525.77,8.92608841
2018-06-08,17081900,7646.28,8.941974534
2018-06-12,17088462.5,6531.39,8.784375063
2018-06-15,17095050,6497.97,8.779245099
2018-06-18,17101625,6727.55,8.813966315
2018-06-22,17108175,6070.19,8.711145185
2018-06-25,17114800,6250.81,8.740466334
2018-06-29,17121375,5899.64,8.682646611
2018-07-02,17127950,6620.01,8.79785216
2018-07-06,17134525,6570.76,8.790384782
2018-07-10,17141100,6387.83,8.762149897
2018-07-13,17147725,6185.23,8.729919471
2018-07-17,17154300,7314,8.897545599
2018-07-21,17160875,7351.07,8.90260116
2018-07-24,17167462.5,8227.05,9.015182785
2018-07-27,17174025,8225.12,9.014948165
2018-07-30,17180612.5,8146.16,9.00530193
2018-08-03,17187162.5,7388.58,8.907690844
2018-08-06,17193712.5,6919.84,8.842147927
2018-08-10,17200275,6191.24,8.730890669
2018-08-13,17206837.5,6277.69,8.744757357
2018-08-16,17213400,6255.1,8.74115241
2018-08-20,17219962.5,6455.22,8.772644385
2018-08-23,17226562.5,6418.67,8.76696621
2018-08-27,17233137.5,6719.04,8.812700566
2018-08-30,17239687.5,6916.68,8.841691165
2018-09-02,17246225,7280.88,8.893007013
2018-09-06,17252762.5,6440.22,8.77031798
2018-09-10,17259325,6301.63,8.748563609
2018-09-13,17265887.5,6467.47,8.774540275
2018-09-17,17272450,6216.01,8.734883501
2018-09-21,17279037.5,6708.69,8.81115898
2018-09-24,17285600,6626.29,8.798800349
2018-09-28,17292200,6643.42,8.80138217
2018-10-01,17298762.5,6550.06,8.787229489
2018-10-05,17305325,6539.04,8.785545645
2018-10-08,17311912.5,6623.01,8.798305228
2018-10-12,17318475,6214.23,8.734597102
2018-10-16,17325037.5,6460.39,8.773444966
2018-10-20,17331612.5,6384.37,8.761608095
2018-10-23,17338162.5,6390.78,8.762611606
2018-10-27,17344725,6401.99,8.764364159
2018-10-31,17351275,6302.4,8.748685792
2018-11-03,17357850,6351.1,8.756383305
2018-11-07,17364412.5,6501.65,8.77981127
2018-11-11,17370975,6314.2,8.750556344
2018-11-15,17377537.5,5469.65,8.606969908
2018-11-19,17384100,4785.55,8.47335624
2018-11-24,17390662.5,4260.57,8.357158233
2018-11-28,17397225,4221.02,8.347832084
2018-12-02,17403787.5,4148.09,8.330403266
2018-12-06,17410350,3596.41,8.187691405
2018-12-11,17416912.5,3373.78,8.123789056
2018-12-15,17423500,3156.89,8.057342645
2018-12-18,17430037.5,3535.18,8.170519496
2018-12-22,17436587.5,3848.6,8.255464725
2018-12-25,17443175,3848.6,8.255464725
2018-12-28,17449725,3892.14,8.266714414
2019-01-01,17456300,3720.6,8.221640225
2019-01-04,17462900,3833.53,8.251541329
2019-01-08,17469550,4000.42,8.294154635
2019-01-11,17476137.5,4003.99,8.295046643
2019-01-15,17482700,3568.48,8.179895014
2019-01-19,17489275,3568.48,8.179895014
2019-01-22,17495850,3574.52,8.18158618
2019-01-26,17502437.5,3558.51,8.177097197
2019-01-30,17509025,3432.64,8.141084923
2019-02-02,17515575,3448.51,8.145697533
2019-02-06,17522150,3366.32,8.121575439
2019-02-09,17528700,3594.91,8.187274235
2019-02-13,17535287.5,3571.42,8.180718555
2019-02-16,17541862.5,3564.79,8.178860425
2019-02-20,17548425,3912.98,8.272054511
2019-02-24,17554987.5,3787.61,8.239490492
2019-02-27,17561550,3749.38,8.229345772
2019-03-03,17568125,3788.98,8.239852133
2019-03-07,17574675,3871.42,8.261376644
2019-03-10,17581275,3896.7,8.26788532
2019-03-14,17587825,3851.57,8.256236136
2019-03-17,17594425,3975.48,8.287900775
2019-03-21,17601037.5,3973.24,8.287337162
2019-03-24,17607600,3958.02,8.283499179
2019-03-28,17614175,4010.76,8.296736029
2019-03-31,17620737.5,4092.97,8.317026147
2019-04-04,17627325,4847.05,8.486125551
2019-04-08,17633900,5252.89,8.56653368
2019-04-11,17640437.5,5054.03,8.527941224
2019-04-15,17646975,5021.53,8.521489947
2019-04-19,17653575,5269.97,8.569779949
2019-04-22,17660175,5365.89,8.587817531
2019-04-26,17666737.5,5097.52,8.536509426
2019-04-30,17673312.5,5237.87,8.563670206
2019-05-03,17679912.5,5689.05,8.646298554
2019-05-07,17686475,5844.63,8.67327857
2019-05-10,17693050,6291.33,8.746927774
2019-05-14,17699650,7719.93,8.951560576
2019-05-17,17706225,7106.31,8.868738401
2019-05-21,17712762.5,8086.18,8.997911711
2019-05-24,17719312.5,8112.36,9.001144104
2019-05-27,17725887.5,8754.64,9.077339125
2019-05-30,17732475,8463.48,9.043515716
2019-06-04,17739025,7651.38,8.942641303
2019-06-07,17745600,7898.63,8.974444606
2019-06-10,17752187.5,7943.46,8.980104228
2019-06-14,17758725,8452.83,9.042256576
2019-06-18,17765287.5,9125.34,9.118810438
2019-06-21,17771825,9939.81,9.204303185
2019-06-24,17778387.5,10856.69,9.292536759
2019-06-28,17784950,12212.7,9.410231673
2019-07-01,17791500,10481.86,9.257401423
2019-07-04,17798050,11721.74,9.369200516
2019-07-07,17804600,11507.39,9.350744717
2019-07-11,17811187.5,11146.07,9.318842248
2019-07-14,17817750,10641.23,9.272491358
2019-07-18,17824312.5,10616.88,9.270200466
2019-07-22,17830862.5,10322.33,9.242064789
2019-07-25,17837437.5,9874.05,9.197665383
2019-07-28,17843975,9834.23,9.193624436
2019-08-01,17850550,10411.97,9.250711385
2019-08-04,17857125,10945.5,9.300683692
2019-08-07,17863712.5,11863.77,9.381244497
2019-08-11,17870275,11409.65,9.342214768
2019-08-14,17876875,10171.6,9.227354802
2019-08-18,17883462.5,10363.71,9.24606556
2019-08-22,17890050,10182.76,9.228451373
2019-08-25,17896612.5,9998.22,9.210162356
2019-08-29,17903187.5,9526.03,9.161783331
2019-09-01,17909750,9638.82,9.173553973
2019-09-05,17916337.5,10518.1,9.260852862
2019-09-08,17922900,10366.7,9.246354025
2019-09-11,17929475,10099.08,9.22019961
2019-09-14,17936025,10270.67,9.237047539
2019-09-18,17942587.5,10196.93,9.229841974
2019-09-21,17949150,10135.94,9.223842802
2019-09-25,17955737.5,8511.8,9.049208715
2019-09-28,17962325,8060.97,8.994789176
2019-10-02,17968900,8235.09,9.016159572
2019-10-05,17975462.5,8161.33,9.007162425
2019-10-09,17982037.5,8590.16,9.058372641
2019-10-12,17988612.5,8342.93,9.029169753
2019-10-16,17995200,7988.24,8.985725739
2019-10-20,18001800,8226.5,9.01511593
2019-10-23,18008362.5,7491.38,8.921508305
2019-10-26,18014925,8574.4,9.056536299
2019-10-31,18021475,9189.42,9.125808101
2019-11-03,18028050,9157.7,9.122350334
2019-11-07,18034612.5,9209.87,9.128031014
2019-11-11,18041162.5,8736.17,9.075227158
2019-11-15,18047712.5,8453.89,9.042381969
2019-11-18,18054262.5,8218.67,9.014163674
2019-11-22,18060837.5,7343.85,8.901618507
2019-11-25,18067425,7214.3,8.883820446
2019-11-29,18074000,7710.34,8.950317564
2019-12-03,18080575,7329.85,8.899710331
2019-12-06,18087125,7469.48,8.918580664
2019-12-10,18093687.5,7222.09,8.884899664
2019-12-14,18100237.5,7240.62,8.887462117
2019-12-17,18106800,6616.45,8.797314251
2019-12-21,18113375,7198.73,8.881659901
2019-12-24,18119925,7246.81,8.888316651
2019-12-28,18126525,7219.5,8.884540977
2019-12-31,18133075,7158.27,8.876023611
2020-01-03,18139650,7269.82,8.891486811
2020-01-07,18146225,8021.36,8.989863263
2020-01-10,18152787.5,8043.69,8.992643212
2020-01-14,18159350,8736.16,9.075226013
2020-01-17,18165887.5,8906.32,9.094516416
2020-01-21,18173675,8721.88,9.07359009
2020-01-25,18180387.5,8406.05,9.036706964
2020-01-28,18186937.5,9042.56,9.109697599
2020-02-01,18193500,9358.74,9.144065945
2020-02-05,18200037.5,9687.28,9.178568964
2020-02-08,18206612.5,9925.58,9.202870542
2020-02-12,18213200,10389.08,9.248510533
2020-02-16,18219750,9773.09,9.187387969
2020-02-19,18226337.5,9612.05,9.170772799
2020-02-23,18232875,9885.42,9.198816223
2020-02-27,18239437.5,8757.31,9.077644059
2020-03-01,18245975,8512.54,9.049295649
2020-03-04,18252550,8732.24,9.074777202
2020-03-08,18259112.5,8079.07,8.997032046
2020-03-11,18265662.5,7863.14,8.969941297
2020-03-15,18272250,5177.49,8.552075662
2020-03-20,18278812.5,5971.92,8.694823763
2020-03-24,18285350,6752.28,8.817635505
2020-03-28,18291937.5,6258.91,8.741761328
2020-04-01,18298500,6351.21,8.756400625
2020-04-04,18305062.5,6843.81,8.831099873
2020-04-08,18311612.5,7325.08,8.899059355
2020-04-11,18318150,6796.91,8.824223376
2020-04-14,18324712.5,6873.41,8.835415623
2020-04-18,18331262.5,7233.21,8.8864382
2020-04-21,18337837.5,6894.6,8.838493775
2020-04-25,18344387.5,7553.5,8.929766311
2020-04-29,18350950,8933.48,9.097561296
2020-05-02,18357587.5,8934.5,9.097675466
2020-05-06,18364137.5,9250.9,9.132476123
2020-05-09,18370737.5,9649.88,9.174700759
2020-05-13,18376156.25,9300.04,9.13777398
2020-05-17,18379431.25,9738.8,9.183873186
2020-05-21,18382725,9056.92,9.111284385
2020-05-26,18385993.75,8859.07,9.089197072
2020-05-30,18389293.75,9440.21,9.152733505
2020-06-03,18392568.75,9583.65,9.1678138
2020-06-06,18395843.75,9706,9.18049953
2020-06-09,18399143.75,9749.6,9.184981538
2020-06-12,18402412.5,9463.3,9.155176438
2020-06-15,18405700,9481.06,9.157051403
2020-06-19,18408987.5,9315.35,9.139418856
2020-06-23,18412275,9629.89,9.172627082
2020-06-26,18415556.25,9190.26,9.125899507
2020-06-30,18418825,9147.09,9.121191075
2020-07-03,18422112.5,9092.7,9.115227173
2020-07-07,18425393.75,9254.79,9.132896534
2020-07-10,18428687.5,9235.1,9.130766721
2020-07-13,18431956.25,9249.8,9.132357209
2020-07-17,18435231.25,9157.69,9.122349242
2020-07-21,18438512.5,9376.53,9.145965038
2020-07-25,18441787.5,9729.45,9.182912647
2020-07-28,18445068.75,10981.18,9.303938177
2020-08-01,18448337.5,11847.66,9.379885659
2020-08-04,18451606.25,11214.45,9.324958404
2020-08-08,18454881.25,11716.3,9.368736314
2020-08-12,18458150,11565.95,9.355820716
2020-08-15,18461431.25,11870.5,9.38181161
2020-08-19,18464712.5,11715.31,9.368651812
2020-08-22,18467987.5,11608.04,9.35945324
2020-08-26,18471268.75,11513.5,9.351275539
2020-08-30,18474550,11640.79,9.362270588
2020-09-02,18477831.25,11375.47,9.339214562
2020-09-06,18481112.5,10236.79,9.233743373
2020-09-09,18484393.75,10259.62,9.235971081
2020-09-13,18487675,10318.18,9.241662667
2020-09-16,18490950,10998.05,9.305473263
2020-09-19,18494218.75,11093.84,9.314145278
2020-09-23,18497487.5,10224.14,9.23250687
2020-09-26,18500787.5,10720.88,9.279948521
2020-09-30,18504075,10706.95,9.278648342
2020-10-04,18507350,10650.02,9.273317049
2020-10-07,18510637.5,10661.08,9.274355006
2020-10-11,18513925,11332.36,9.335417629
2020-10-14,18517206.25,11393.36,9.340786009
2020-10-18,18520487.5,11445.83,9.345380751
2020-10-22,18523781.25,13124.02,9.482199418
2020-10-26,18527062.5,13019.83,9.474228859
2020-10-31,18530331.25,13850.1,9.536047732
2020-11-04,18533606.25,14008.75,9.547437413
2020-11-08,18536912.5,15342.02,9.638350748
2020-11-11,18540200,15831.57,9.669761327
2020-11-15,18543493.75,15857.79,9.671416141
2020-11-18,18546762.5,17786.57,9.786198957
2020-11-21,18550043.75,18670.93,9.834723048
2020-11-25,18553318.75,18880.69,9.845894986
2020-11-28,18556600,17763.11,9.784879114
2020-12-02,18559887.5,19156.67,9.860406237
2020-12-05,18563162.5,19020.64,9.853279984
2020-12-09,18566443.75,18520.56,9.826636745
2020-12-13,18569731.25,19178.3,9.861534711
2020-12-17,18573018.75,22779.13,10.03360004
2020-12-20,18576300,23385.77,10.059883
2020-12-24,18579581.25,23405.27,10.06071649
2020-12-27,18582856.25,26385.71,10.18057785
2020-12-31,18586143.75,28996.28,10.27492282
2021-01-03,18589425,33591.73,10.42203518
2021-01-06,18592712.5,35939.27,10.48958585
2021-01-10,18596000,38048.82,10.54662535
2021-01-13,18599275,37283.48,10.52630561
2021-01-17,18602568.75,36533.95,10.50599724
2021-01-20,18605850,34913.07,10.46061654
2021-01-24,18609125,31932.47,10.37137864
2021-01-28,18612406.25,33248.02,10.4117505
2021-01-31,18615681.25,32601.26,10.39210622
2021-02-04,18618962.5,37681.13,10.53691472
2021-02-07,18622250,38590.04,10.56074949
2021-02-11,18625550,46931.97,10.75645439
2021-02-14,18628843.75,48865.24,10.79682158
2021-02-18,18632131.25,52037.53,10.85972047
2021-02-22,18635406.25,54938.64,10.91397221
2021-02-25,18638700,48083.51,10.78069457
2021-03-01,18641968.75,48856.4,10.79664066
2021-03-05,18645256.25,49053.13,10.80065928
2021-03-08,18648525,51878.94,10.85666821
2021-03-12,18651793.75,56965.96,10.95020918
2021-03-16,18655062.5,56388.15,10.94001431
2021-03-19,18658350,58410.01,10.97524256
2021-03-23,18661625,54447.56,10.90499332
2021-03-26,18664918.75,54002.49,10.89678544
2021-03-29,18668200,57234.35,10.95490952
2021-04-02,18671475,58674.76,10.97976493
2021-04-06,18674750,58243.87,10.97239413
2021-04-09,18678025,58333.6,10.97393354
2021-04-13,18681300,63193.56,11.05395768
2021-04-17,18684593.75,60870.13,11.01649786
2021-04-21,18687887.5,54996.31,10.91502137
2021-04-25,18691156.25,48122.24,10.78149972
2021-04-29,18694431.25,52990.9,10.87787548
2021-05-03,18697718.75,56811.66,10.94749687
2021-05-06,18701000,55955.47,10.93231147
2021-05-09,18704287.5,57931.38,10.96701449
2021-05-12,18707556.25,54482.81,10.90564052
2021-05-15,18710831.25,48242.61,10.78399793
2021-05-20,18714112.5,40078.49,10.59859506
2021-05-24,18717381.25,39024.16,10.57193622
2021-05-28,18720650,35218.36,10.46932282
2021-06-01,18723925,36322.98,10.50020588
2021-06-05,18727206.25,35854.31,10.48721906
2021-06-09,18730493.75,36408.39,10.50255452
2021-06-13,18733781.25,39260.32,10.57796962
2021-06-17,18737062.5,37747.52,10.53867506
2021-06-22,18740331.25,32903.52,10.40133492
2021-06-27,18743606.25,32635.76,10.3931639
2021-07-03,18746875,34728.55,10.45531739
2021-07-07,18750143.75,34544.86,10.45001405
2021-07-11,18753418.75,33854.3,10.4298213
2021-07-15,18756706.25,31758.37,10.36591159
2021-07-18,18759975,31652.45,10.36257083
2021-07-22,18763250,32247.75,10.38120355
2021-07-25,18766531.25,34483.2,10.44822753
2021-07-29,18769800,39722.08,10.58966248
2021-08-01,18773081.25,41268.06,10.62784411
2021-08-04,18776362.5,39754.38,10.5904753
2021-08-08,18779631.25,43867.4,10.68892673
2021-08-11,18782906.25,46345.49,10.74387926
2021-08-14,18786175,46666.78,10.75078784
2021-08-18,18789456.25,44546.67,10.70429268
2021-08-21,18792725,49011.76,10.79981555
2021-08-24,18796000,48345.65,10.78613153
2021-08-27,18799281.25,48921.81,10.79797859
2021-08-31,18802556.25,47008.53,10.75808435
2021-09-04,18805825,50182.7,10.82342562
2021-09-07,18809100,46819.01,10.7540446
2021-09-11,18812381.25,45319.68,10.72149665
2021-09-14,18815656.25,46828.18,10.75424044
2021-09-18,18818937.5,47994.88,10.77884962
2021-09-21,18822212.5,40926.74,10.61953892
2021-09-25,18825481.25,42678.81,10.66145782
2021-09-28,18828762.5,41785.9,10.64031424
2021-10-02,18832031.25,48019.13,10.77935475
2021-10-05,18835300,51474.19,10.8488358
2021-10-09,18838568.75,54670.87,10.90908631
2021-10-12,18841837.5,55362.51,10.92165793
2021-10-16,18845125,61014.11,11.01886043
2021-10-19,18848393.75,64121.31,11.06853204
2021-10-23,18851668.75,61124.51,11.02066821
2021-10-26,18854950,62096.9,11.03645135
2021-10-29,18858231.25,62395.66,11.041251
2021-11-02,18861500,63141.03,11.05312607
2021-11-05,18864768.75,60976.2,11.0182389
2021-11-09,18868043.75,67734.04,11.12334414
2021-11-12,18871312.5,64100.68,11.06821025
2021-11-16,18874612.5,60488.5,11.01020854
2021-11-19,18877881.25,57869.63,10.965948
2021-11-23,18881162.5,57709.14,10.96317085
2021-11-27,18884437.5,54625.03,10.90824748
2021-12-01,18887706.25,57029.49,10.95132378
2021-12-04,18890981.25,48765.22,10.79477263
2021-12-07,18894250,50527.72,10.83027738
2021-12-10,18897518.75,47952.18,10.77795954
2021-12-14,18900787.5,48310.62,10.78540669
2021-12-18,18904056.25,46971.17,10.75728929
2021-12-22,18907337.5,49073.95,10.80108362
2021-12-25,18910618.75,50986.51,10.83931637
2021-12-29,18913887.5,47232.15,10.76283008
2022-01-01,18917156.25,47333.2,10.76496723
2022-01-05,18920431.25,43603.88,10.68290142
2022-01-08,18923700,41788.38,10.64037359
2022-01-12,18926968.75,43793.81,10.68724776
2022-01-15,18930237.5,43333.72,10.67668636
2022-01-19,18933506.25,41724.22,10.63883705
2022-01-22,18936800,35402.77,10.47454534
2022-01-26,18940075,36356.7,10.50113379
2022-01-29,18943350,38388.74,10.55551947
2022-02-02,18946625,36936.93,10.51696714
2022-02-06,18949900,41687.25,10.63795061
2022-02-09,18953181.25,44497.51,10.70318851
2022-02-13,18956456.25,42228.76,10.65085678
2022-02-16,18959725,44092.86,10.69405314
2022-02-19,18963000,39942.63,10.59519945
2022-02-23,18966281.25,37543.5,10.53325554
2022-02-27,18969575,37435.48,10.5303742
2022-03-03,18972843.75,42096.97,10.64773105
2022-03-06,18976118.75,39030.04,10.57208689
2022-03-10,18979387.5,39329.95,10.57974159
2022-03-14,18982675,38725.24,10.56424686
2022-03-17,18985950,40724.56,10.61458663
2022-03-20,18989218.75,41308.02,10.62881195
2022-03-24,18992487.5,43895.65,10.68957051
2022-03-28,18995768.75,47967.56,10.77828023
2022-03-31,18999037.5,45767.58,10.73133126
2022-04-04,19002312.5,46311.76,10.7431512
2022-04-07,19005600,43577.22,10.68228982
2022-04-11,19008875,39846.47,10.5927891
2022-04-15,19012143.75,40404.52,10.60669694
2022-04-18,19015412.5,40673.67,10.61333623
2022-04-22,19018693.75,39621.31,10.58712238
2022-04-25,19021962.5,40186.18,10.60127843
2022-04-29,19025243.75,38560.04,10.55997179
2022-05-02,19028525,38312.41,10.55352914
2022-05-05,19031793.75,36456.02,10.50386188
2022-05-09,19035068.75,30959.3,10.34042872
2022-05-13,19038337.5,29760.13,10.30092486
2022-05-16,19041625,29908.75,10.30590636
2022-05-20,19044950,29117.13,10.27908194
2022-05-24,19048225,29438.3,10.29005183
2022-05-28,19051493.75,28999.04,10.275018
2022-05-31,19054762.5,31788.28,10.36685295
2022-06-04,19058031.25,29733.76,10.30003838
2022-06-08,19061318.75,30179.77,10.31492711
2022-06-11,19064587.5,28380.38,10.25345334
2022-06-15,19067868.75,21640.29,9.982312134
2022-06-19,19071137.5,20607.54,9.933412307
2022-06-22,19074412.5,19857.05,9.896314387
2022-06-26,19077693.75,21392.35,9.97078866
2022-06-30,19080968.75,18731.3,9.8379512
2022-07-03,19084237.5,19420.48,9.874083458
2022-07-07,19087512.5,21610.58,9.980938289
2022-07-11,19090793.75,20409.54,9.923757718
2022-07-15,19094068.75,20926.53,9.948773011
2022-07-19,19097350,23304.71,10.05641077
2022-07-23,19100625,22330.07,10.01368948
2022-07-26,19103900,20985.62,9.95159272
2022-07-29,19107175,23951.94,10.0838046
2022-08-02,19110450,23029.66,10.04453823
2022-08-06,19113718.75,23174.48,10.05080695
2022-08-09,19117000,23144.84,10.04952714
2022-08-13,19120268.75,24494.84,10.10621776
2022-08-17,19123537.5,23407.4,10.06080749
2022-08-20,19126812.5,20819.56,9.943648208
2022-08-23,19130093.75,21477.74,9.974772329
2022-08-27,19133362.5,20009.56,9.903965438
2022-08-30,19136637.5,19975.94,9.902283828
2022-09-03,19139918.75,19743.94,9.890601888
2022-09-06,19143187.5,18978.5,9.851062038
2022-09-10,19146456.25,21431.35,9.972610082
2022-09-13,19149731.25,20240.4,9.915435886
2022-09-17,19153006.25,20080.05,9.907482064
2022-09-20,19156293.75,18974.31,9.850841238
2022-09-24,19159562.5,19144.41,9.859766046
2022-09-28,19162862.5,19567.79,9.881640126
2022-10-01,19166143.75,19252.71,9.865407109
2022-10-05,19169412.5,19988.42,9.902908385
2022-10-08,19172681.25,19456.38,9.875930316
2022-10-11,19175981.25,19019.1,9.853199016
2022-10-14,19179250,19177.31,9.861483088
2022-10-18,19182531.25,19367.71,9.871362525
2022-10-21,19185812.5,19181.79,9.86171667
2022-10-25,19189081.25,20189.29,9.912907545
2022-10-29,19192350,20864.33,9.945796281
2022-11-01,19195625,20479.4,9.927174782
2022-11-05,19198900,21355.89,9.969082859
2022-11-09,19202168.75,15731.3,9.663407637
2022-11-12,19205443.75,16793.47,9.728745399
2022-11-16,19208718.75,16531.47,9.713021116
2022-11-19,19211993.75,16660.59,9.720801329
2022-11-23,19215281.25,16471.9,9.709411178
2022-11-28,19218550,16196.39,9.692543657
2022-12-01,19221843.75,16929.96,9.736840112
2022-12-05,19225112.5,16972.24,9.739334347
2022-12-08,19228381.25,17184.1,9.751739817
2022-12-12,19231668.75,17177.78,9.751371967
2022-12-15,19234937.5,17399.63,9.764204221
2022-12-19,19238225,16586.82,9.716363683
2022-12-23,19241500,16811.33,9.729808343
2022-12-28,19244781.25,16517.32,9.712164806
2022-12-31,19248050,16539.5,9.713506738
2023-01-03,19251325,16661.86,9.720877554
2023-01-07,19254625,16938.55,9.737347368
2023-01-10,19257906.25,17466.71,9.768052063
2023-01-13,19261175,19813.55,9.894121326
2023-01-17,19264443.75,21316.08,9.967216996
2023-01-20,19267725,22318.24,10.01315956
2023-01-24,19270993.75,22904.83,10.03910308
2023-01-27,19274275,23092,10.04724152
2023-01-31,19277543.75,22950.56,10.04109762
2023-02-04,19280818.75,23417.15,10.06122394
2023-02-07,19284093.75,23199.48,10.05188514
2023-02-11,19287362.5,21828.1,9.99095341
2023-02-14,19290631.25,22252.63,10.01021548
2023-02-17,19293950,24487.25,10.10590785
2023-02-21,19297237.5,24199.85,10.09410171
2023-02-24,19300518.75,23101.79,10.04766538
2023-02-28,19303800,23146.88,10.04961528
2023-03-03,19307075,22242.64,10.00976645
2023-03-07,19310362.5,22055.35,10.00131048
2023-03-10,19313631.25,20101.78,9.908563647
2023-03-14,19316900,24636.25,10.11197421
2023-03-17,19320175,26823.38,10.19702917
2023-03-21,19323450,28154.56,10.24546461
2023-03-24,19326750,27618.28,10.22623315
2023-03-27,19330018.75,27048.29,10.20537907
2023-03-31,19333293.75,28395.3,10.25397892
2023-04-04,19336568.75,28257.1,10.24910003
2023-04-07,19339862.5,27890.37,10.23603675
2023-04-11,19343143.75,30192.1,10.31533558
2023-04-14,19346418.75,30470.31,10.32450805
2023-04-18,19349700,30422,10.32292131
2023-04-22,19352968.75,27645.8,10.2272291
2023-04-25,19356243.75,27979.6,10.23923095
2023-04-29,19359518.75,29242.06,10.28336336
2023-05-03,19362806.25,28528.95,10.25867464
2023-05-07,19366075,28953.02,10.2734298
2023-05-10,19369343.75,27875.64,10.23550847
2023-05-14,19372612.5,26952.65,10.2018369
2023-05-17,19375893.75,27337.78,10.21602491
2023-05-21,19379168.75,26851.07,10.19806095
2023-05-24,19382437.5,26401.81,10.18118785
2023-05-28,19385706.25,27564.04,10.2242673
2023-05-31,19388981.25,27117.1,10.2079198
2023-06-04,19392275,27249.75,10.21279963
2023-06-07,19395550,26363.47,10.17973462
2023-06-11,19398831.25,26135.88,10.17106436
2023-06-14,19402100,24928.57,10.12376981
2023-06-18,19405381.25,26472,10.18384285
2023-06-22,19408656.25,30157.31,10.31418263
2023-06-25,19411931.25,30383.36,10.32165037
2023-06-29,19415206.25,30400.46,10.32221302
2023-07-03,19418481.25,31128.76,10.34588743
2023-07-06,19421768.75,30315.91,10.31942794
2023-07-09,19425056.25,30201.16,10.31563561
2023-07-13,19428337.5,31386,10.35411721
2023-07-17,19431612.5,29931.93,10.30668108
2023-07-20,19434887.5,29737.02,10.30014801
2023-07-24,19438156.25,29145.13,10.28004311
2023-07-28,19441431.25,29342.44,10.28679021
2023-08-01,19444718.75,29212.88,10.28236499
2023-08-04,19448006.25,28937.67,10.27289949
2023-08-08,19451275,29984.24,10.30842719
2023-08-12,19454543.75,29410.47,10.28910601
2023-08-15,19457825,29171.58,10.28095023
